"","baseMean","log2FoldChange","lfcSE","stat","pvalue","padj","hTSC_wt_1","hTSC_wt_2"
"PER3",46.5140042086357,1.45208054491407,0.444973668323747,3.26329544483874,0.0011012465062376,0.0317628676571345,0.864225293891183,0.904597799234167
"NPPB",946.358185223257,1.51816141893196,0.195629405683424,7.76039478128717,8.46654208249793e-15,6.55263320840437e-12,14.2824601200964,20.1649926079283
"PADI4",62.3414314141522,1.66677770428759,0.382240789988234,4.36054379319093,1.29739611799709e-05,0.000941355485407163,1.13713854459366,0.942289374202258
"PLA2G2A",81.1729231114967,2.67890501571153,0.328636526974334,8.1515741429459,3.59217333630361e-16,3.84942821138812e-13,0.77325421032369,0.640756774457535
"Z98257.1",28.0268522953542,1.67105766192641,0.461232708963776,3.62302505752612,0.000291177602446297,0.0117576671874764,0.227427708918732,0.678448349425626
"CAMK2N1",66.2714378697013,0.992138039718014,0.289915789212043,3.42215938778128,0.000621258831818728,0.0207051597752792,1.9558782967011,1.39458827381934
"CDA",40.7671323201122,-1.10372117824684,0.323549214709323,-3.41129302149111,0.000646555680231094,0.0214456361459509,2.27427708918732,3.65608277190476
"TCEA3",201.966855453629,-0.731080424402133,0.173614374846128,-4.2109440825397,2.54305692794862e-05,0.00163259567111761,12.0991541144766,13.0789765139273
"ID3",3373.15085030495,0.732401471188493,0.16587968241569,4.41525725467159,1.00889937064646e-05,0.000776518073617447,96.2019208726237,101.164187214354
"SMPDL3B",951.40133860868,0.552118343235944,0.117382369923457,4.703588312248,2.55628448685627e-06,0.000256263061010063,33.3409021274861,28.4571391009082
"LAPTM5",255.15974205481,1.25865399483185,0.195390813054501,6.44172556096976,1.18122731774493e-10,4.11391944087614e-08,4.86695297086087,6.03065199489445
"SDC3",383.622871953744,0.755022597858803,0.172773023795623,4.37002595238441,1.24231770854562e-05,0.000910880420934162,11.6442986966391,10.5536409910653
"ZMYM6",171.41153545399,0.545486315854619,0.17166170403731,3.17768205153119,0.00148457454652785,0.0397723230916912,5.41277947226583,5.72911939514973
"CFAP57",96.8855418969032,1.08310048733365,0.348765817828982,3.10552362635707,0.00189942445940243,0.0473361040141953,2.00136383848484,2.60071867279823
"RAB3B",548.209329555659,-0.852783956401734,0.190461086271101,-4.47747082145634,7.55325472114626e-06,0.000618967008942874,39.6179068936432,32.6409039223662
"PLPP3",409.02943433792,0.514653121419169,0.157638221707005,3.26477370682177,0.00109551561526547,0.0316972338064228,14.5553733707989,12.5889860393422
"AK4",376.676797128272,-0.625101932016223,0.19022494107431,-3.28611973007279,0.00101577823628603,0.0300441753921459,24.7441347303581,20.1273010329602
"LEPR",38.888270976304,-1.46277911870692,0.367075926244504,-3.98494974506331,6.74944085262496e-05,0.00358879620297398,4.23015538588842,2.3368776480216
"PTGER3",16.8548287449336,2.15863517893714,0.654567573841878,3.29780341282014,0.000974443318313628,0.0291468924542868,0.181942167134986,0.226149449808542
"ADGRL2",607.833779649725,-1.0131408967493,0.181190794100825,-5.59156938285466,2.25026338987566e-08,4.01902811337921e-06,47.4869056222313,38.2569485926117
"CLCA2",130.706682158256,1.27997841057285,0.216427334084334,5.9141254776723,3.33643473026259e-09,7.87794444530307e-07,2.77461804880853,2.75148497267059
"EXTL2",1336.16358800659,-0.682025747819153,0.107233384477587,-6.36019977492837,2.01491517058491e-10,5.97229430668477e-08,84.3301944670659,78.8130832582768
"S1PR1",61.5107128990344,1.26179668432517,0.383675110500368,3.28871133360619,0.00100647192279007,0.0298322560774223,1.22810962816115,1.39458827381934
"KIAA1324",296.50707374128,1.15689417544887,0.197923425678135,5.845160427499,5.06080298239311e-09,1.1015944741831e-06,6.27700476615701,7.19909081890525
"HSD3B1",5513.87494946431,-1.10833576584953,0.130573925964081,-8.48818596566065,2.09887516819195e-17,3.24882555200912e-14,427.154722891163,380.797981902616
"ECM1",2272.15694025476,-0.940044083278528,0.174820320970287,-5.37720144924284,7.5652512919497e-08,1.20805832174428e-05,150.05680234458,160.26457676432
"MLLT11",174.339648903514,-0.573208735532574,0.183841567219925,-3.11794957038665,0.00182113961663763,0.0458221289285963,11.3258999041529,8.97059484240549
"CGN",248.245346823619,-0.637650257381321,0.150619436105702,-4.23351908537108,2.30062648214272e-05,0.00150469612782771,15.5105697482575,14.20972376297
"PRR9",10036.9897057842,1.74505352535592,0.310097260985321,5.6274393389064,1.82904452865971e-08,3.44329990929167e-06,158.153228782086,159.774586289735
"EFNA4",135.263694361821,-0.679248449870729,0.205427544533938,-3.30651106895995,0.000944656181508651,0.02860870709695,8.09642643750687,8.36752964291605
"EFNA1",2986.73843633068,-0.808795184083603,0.103566470007539,-7.80943083243764,5.74468136526038e-15,4.70759741761425e-12,194.177777874814,191.473200837899
"GPR161",40.7247862706076,-1.14866994699874,0.342219049808653,-3.35653420708461,0.00078925956870219,0.0250459568373353,3.41141563378098,2.67610182273441
"RABGAP1L",612.830753583513,-0.517218453454375,0.150543745041156,-3.43566883707442,0.000591093023109748,0.0201332931661171,38.1168840147795,31.321698798483
"KIAA0040",980.684957741332,0.501527318307372,0.146418473056301,3.42530083696833,0.00061411900435054,0.0207051597752792,30.7937117875963,34.6008658207069
"CTSE",49.1054193877863,1.35627492100479,0.370548807642671,3.66017888340549,0.000252039232996897,0.0105070464197855,1.00068191924242,0.979980949170348
"HIST3H2A",107.417383283566,0.938620898568938,0.241326858901325,3.8894174599634,0.000100485137200849,0.00488133526504714,2.45621925632231,3.09070914738341
"RHOU",535.01475844479,-0.530604169674245,0.161988917257323,-3.27555846818439,0.00105453283690769,0.0306936823567965,30.5662840786776,30.3417178493127
"ACTA1",478.8132230703,1.31174409251709,0.184829049631434,7.09706669559157,1.27432570738992e-12,7.10105257185958e-10,10.6436167773967,9.23443586718213
"GALNT2",2188.77367249124,0.670296922396643,0.123611298364396,5.42261857343059,5.87322295162415e-08,9.62586693400894e-06,67.3640873817285,65.4325741446048
"KCNK1",167.65826767022,-1.1486586318619,0.234792862047262,-4.89222126195081,9.97042643440945e-07,0.000115748342214798,10.3707035266942,14.5112563627148
"SCCPDH",286.950116728656,-0.943580564533093,0.185149546712781,-5.09631582299713,3.46327174946538e-07,4.73008222958845e-05,19.8316962177135,19.4488526835346
"MBOAT2",382.356435469655,-0.734862667830145,0.186543350547542,-3.93936672453442,8.16969704366689e-05,0.00421526109316013,26.4270997763567,21.4465061568434
"TP53I3",468.038471044185,0.506283976194467,0.134025217706669,3.77752772841998,0.000158392874802295,0.00704974804751046,14.9192577050688,16.2073772362788
"KRTCAP3",257.809769838735,-0.901810891411319,0.187483474079939,-4.81008203969384,1.50868360546504e-06,0.000166805327839154,17.1480492524724,17.4888907851939
"EHD3",798.591677216383,0.595055001677898,0.175877305353339,3.38335296007878,0.000716065399028316,0.0231988536601476,27.6097238627341,23.0295523055032
"CYP1B1",111.643909704384,1.20712665594468,0.256642325111957,4.70353693771317,2.55692810856355e-06,0.000256263061010063,2.41073371453856,2.52533552286205
"GALM",746.414885060153,-0.61543318343021,0.121835896735182,-5.05132887697205,4.38746896837142e-07,5.60750735764975e-05,43.0293225274241,45.3052731116446
"STON1",33.7428567930938,-1.40219129702902,0.442442679750257,-3.16920442173552,0.00152856844735298,0.0402585588652987,3.63884334269972,1.92227032337261
"ATP6V1B1",419.125839557053,-0.762935270771705,0.189151327805036,-4.03346505480567,5.49603571369485e-05,0.00309980864483737,25.0170479810605,28.0048402012911
"ACTG2",165.700129147235,1.60622504842978,0.249300152163093,6.44293649439485,1.17183737679318e-10,4.11391944087614e-08,3.50238671734848,2.26149449808542
"CAPG",2037.2711120821,-1.14905373655122,0.160111279030935,-7.17659457538409,7.14692184403805e-13,4.14849034205392e-10,143.324942160585,159.774586289735
"PROM2",593.577918426007,0.694386466756104,0.146321446085609,4.74562331997347,2.07865224217323e-06,0.000216102271535189,21.5601468054958,14.0966490380658
"ADRA2B",45.440417221491,1.77332043493284,0.39532172222624,4.48576522672838,7.26527067614792e-06,0.000602455272556051,0.864225293891183,0.565373624521355
"FAHD2B",92.8238748551142,-1.05624633232741,0.239195898893606,-4.41582124615448,1.00627215448287e-05,0.000776518073617447,7.09574451826445,6.2191098697349
"SEPT10",366.113070677456,-0.534442329408142,0.152959537415809,-3.49401115116673,0.00047582114320717,0.0168668303969951,20.8323781369559,20.9188241072901
"SOWAHC",132.160138163656,-0.695331493256873,0.201700197084443,-3.44735158075115,0.000566111357283736,0.0194992647932114,7.91448427037188,8.29214649297987
"MERTK",109.208337135661,-0.801005570623392,0.259529710993567,-3.08637330021627,0.00202614274584791,0.0495196396358022,5.95860597367079,8.06599704317133
"EPB41L5",359.960276395442,-0.504921958178888,0.149627464373264,-3.37452726539092,0.000739425907177007,0.0239000981737422,19.2858697163085,21.1449735570987
"KYNU",808.547642256378,0.815368875172771,0.187847907277527,4.34058003088713,1.421070983129e-05,0.0010049208053792,24.3347648543043,20.8057493823859
"RND3",366.25210107744,1.00305277760593,0.156270560216218,6.41869317047365,1.37449119472028e-10,4.55905638896388e-08,8.73322402247932,9.53596846692685
"CERS6",49.2386858130848,2.89089529074532,0.578591837237253,4.99643289913871,5.84004829380752e-07,7.1366414720204e-05,0.363884334269972,0.376915749680903
"NOSTRIN",279.653177543233,1.17878013057866,0.170165278291862,6.92726590530918,4.29051683335682e-12,2.13468535733907e-09,6.91380235112946,5.69142782018164
"TFPI",1618.82432992948,-0.672864566362748,0.114553817299182,-5.87378563392099,4.25954111884812e-09,9.72781431584805e-07,100.432076258512,96.3773571934069
"ANKRD44",59.4777867182874,-1.18902655687611,0.340006635832781,-3.49706867915627,0.00047040071189618,0.0167599803514723,5.68569272296831,3.35455017216004
"IDH1",4597.4249862783,-0.533507151487376,0.0974607512102865,-5.4740718172411,4.39810686382459e-08,7.4719544780415e-06,275.505926584152,248.802086364364
"ABCA12",91.3301617362793,0.799869425563024,0.249384216186071,3.20737790785534,0.00133950905213888,0.0366327541563707,2.82010359059228,2.3368776480216
"FN1",1017.53335163914,-0.593623363773869,0.189789414984754,-3.12780016641896,0.00176119880786345,0.0448542241176339,60.7686838230853,58.5350159254443
"TNS1",122.661903121476,-0.946364308839216,0.301967069003324,-3.13399839248298,0.00172441800674521,0.0440786555081972,8.86968064783056,7.95292231826706
"INHA",1054.5241371312,0.841358425687634,0.194515501143156,4.32540553705499,1.52251503070488e-05,0.00105912956507388,26.7000130270592,31.1709324986107
"IRS1",116.627157586089,0.950090442771109,0.242183484185111,3.92301913554483,8.74462029329118e-05,0.00442986564748507,3.00204575772727,3.01532599744722
"ITM2C",496.29497448079,-1.02366731715392,0.2209300003807,-4.63344641012977,3.59627885909311e-06,0.000333998405240174,31.0666250382988,39.0484716669416
"B3GNT7",546.180479355467,-0.639807065334076,0.153213720649644,-4.17591233096631,2.96794116350423e-05,0.0018624499256206,35.6606647584572,29.8140357997594
"ANO7",151.762898798184,-0.669568482059076,0.192690549254138,-3.47483820379789,0.000511161557580141,0.0178024791466224,9.46099269101926,8.97059484240549
"LMCD1",38.0069751491062,-1.87437736022217,0.406184067816028,-4.61460088846006,3.93851423834488e-06,0.000358610731074395,3.41141563378098,3.8822322217133
"GRIP2",51.5973044250642,1.22301237382522,0.339113374536045,3.60649996626785,0.000310354899152124,0.012282824147978,1.41005179529614,0.866906224266077
"PLCD1",234.92962721356,0.610965243761883,0.171845162473203,3.55532407761059,0.000377513474757833,0.0143300823347449,7.6415710196694,7.12370766896907
"SLC38A3",1779.22786946955,1.01079883270832,0.134672254024839,7.50562051572916,6.11382936014102e-14,4.05579794362498e-11,47.6233622475825,40.9330504153461
"SEMA3G",20.0374000776835,3.46857284581806,0.788629288017142,4.39822981281754,1.09137382482743e-05,0.000830815778889119,0.0909710835674929,0.113074724904271
"MITF",164.287411298911,-1.00090074873503,0.250152650178658,-4.00115988385567,6.3032747770166e-05,0.00340352406661311,12.190125198044,10.85517359081
"LINC00877",37.433658533191,1.29338159439302,0.37930208411677,3.40989846497875,0.000649870686711293,0.0214939554967144,0.818739752107436,0.753831499361806
"AMOTL2",914.042029205356,0.652917755497249,0.102618605140193,6.36256704722564,1.98409381834397e-10,5.97229430668477e-08,28.4284636148415,27.5902328766421
"TIPARP",282.989220066701,0.619007983940711,0.190242480425576,3.25378423660152,0.00113878737413372,0.0326428948746027,10.234246901343,7.50062341864997
"GNB4",149.718683587563,1.02968481358772,0.237346346705264,4.33832173059054,1.43574874245862e-05,0.00101017251167632,3.50238671734848,3.84454064674521
"P3H2",341.403480685021,0.668588062254224,0.149663727489555,4.46726854575291,7.92246528849868e-06,0.000634298068586638,11.8717264055578,8.9329032674374
"ZNF595",1100.99510148306,0.574698258324405,0.13610747518535,4.22238571057015,2.41729979869575e-05,0.00156629783700607,37.6165430551583,32.980128097079
"FGFBP2",154.628939568697,-0.842366841250395,0.198437376846163,-4.24500088964304,2.18592553776352e-05,0.00144322884675751,9.91584810885673,10.3274915412567
"PROM1",929.296680867681,0.524170937619462,0.11927749208782,4.39455029146262,1.11002304597082e-05,0.00084042016594671,32.29473466646,29.0225127254295
"SLC34A2",177.194340489307,1.4334818274871,0.300184085987046,4.77534251282381,1.79401643289169e-06,0.0001932635339255,3.8207855098347,3.01532599744722
"C4orf19",146.885834993268,0.911350340542903,0.258399432009598,3.52690535522947,0.000420447027890138,0.0154544790119723,3.86627105161845,3.8822322217133
"OCIAD2",48.7643399815929,-1.65229482066251,0.377094191159687,-4.38165015372198,1.17783828244167e-05,0.000882175543693274,3.86627105161845,4.86221317088365
"AC119751.3",127.875550228509,1.07122227655283,0.227085569893562,4.71726264709346,2.39039017914435e-06,0.00024330126367023,3.27495900842974,2.86455969757486
"PLAC8",58.9786860778373,-0.957884235503473,0.305017722398066,-3.14042157279431,0.00168704871617715,0.0434368180265209,3.18398792486225,4.89990474585174
"MANBA",448.781116942328,-0.565065987094784,0.153944428639184,-3.67058419775093,0.000241996736137098,0.0101850650487188,28.6104057819765,23.4064680551841
"TET2",1096.2611281925,0.531243310163243,0.113518540773814,4.67979333192583,2.87164236422665e-06,0.000277811456778065,40.3001900203994,31.8116892730682
"SH3D19",278.839934713091,-0.682759197845302,0.175599848624251,-3.88815368119292,0.000101009665717322,0.0048859918510695,18.0577600881473,16.0189193614384
"AC098679.1",232.144477895435,0.75198934936764,0.182119026605356,4.12910920613016,3.64171412425698e-05,0.00221829462152607,7.23220114361569,6.2191098697349
"AADAT",422.905631458034,1.01119487606748,0.151695560829588,6.66594902670513,2.62960521560676e-11,1.1817106535038e-08,10.4161890684779,10.5913325660334
"PDLIM3",567.918178688958,0.570321741933769,0.150167433969024,3.79790562347502,0.000145923859741307,0.00661192177804361,15.5560552900413,20.8057493823859
"TRIML1",213.088471606007,0.672800695770882,0.161460877300217,4.16695800878061,3.08691332839413e-05,0.00191981203472583,6.68637464221073,6.2191098697349
"PLEKHG4B",293.940045625299,0.530488998176013,0.154891475908763,3.42490763331929,0.000615008471124915,0.0207051597752792,9.18807944031678,10.1013420914482
"LPCAT1",167.24544337672,0.836828920461732,0.206156802559747,4.05918655155319,4.92439614197917e-05,0.00285840677724633,5.45826501404957,3.80684907177712
"FAM105A",47.126345250839,1.85812166347844,0.414703740492883,4.48060020213472,7.44334244654499e-06,0.000613569252206025,0.591312043188704,0.791523074329897
"ANKH",136.516627375106,0.717852931864963,0.199509302046104,3.59809254256764,0.00032055956586301,0.0125640963245969,4.5030686365909,3.58069962196858
"LINC02228",10.1363633518495,-2.61360859886989,0.671087194019082,-3.89458869452897,9.83654952832763e-05,0.00484215446922729,1.22810962816115,1.1684388240108
"PDZD2",228.456086420625,-0.637543950195126,0.171598336770905,-3.7153270957765,0.000202940998592488,0.00864578303177968,13.9185757858264,13.4182006886401
"OSMR",519.010877837207,-0.806091162312983,0.162895778745126,-4.94850860177431,7.47842859890911e-07,8.98120593201749e-05,33.8867286288911,33.0555112470152
"GHR",11.3002904702545,4.97440043875651,1.59797557402099,3.11293897080003,0.00185234317435942,0.0464954824540559,0.0454855417837465,0
"ITGA1",748.753097092276,0.731452762880931,0.134570240611813,5.43547191084328,5.46515946394007e-08,9.1729080111023e-06,23.8799094364669,20.051917883024
"FST",67.4689229954853,1.04821734022131,0.289663629603294,3.61873992139397,0.000296040967090726,0.0119027438280702,1.50102287886363,1.77150402350024
"RAB3C",20.5785668673812,2.459745490216,0.718604863684736,3.42294578637187,0.000619464308197983,0.0207051597752792,0.181942167134986,0.226149449808542
"MAST4",373.856454268891,0.585162130801047,0.132520450822398,4.41563643324207,1.00713233956242e-05,0.000776518073617447,12.3265818233953,11.4959303652675
"IQGAP2",98.9998558490926,1.36240175384176,0.330497292326684,4.12227811081451,3.75143901173412e-05,0.00226239380400295,2.13782046383608,1.84688717343643
"HAPLN1",5058.73704098144,1.14825571242711,0.286249035786689,4.01138717994768,6.0363021505113e-05,0.00328040836784995,120.673142352279,111.039379855994
"ELL2",216.377442967706,0.632938666094843,0.188889828243064,3.35083509780302,0.000805682643015701,0.0255090111360267,6.77734572577822,6.63371719438389
"EFNA5",468.34633657876,1.0598359773038,0.247495405704436,4.2822450553667,1.85017058358606e-05,0.00125120031067657,10.6436167773967,11.9482292648846
"PITX1",107.146759511976,1.14057428319113,0.363100873065025,3.14120501436215,0.0016825420788029,0.0434064698144504,1.77393612956611,3.1284007223515
"CDC25C",216.779323037807,-0.638989677331148,0.164244716065328,-3.89047326841852,0.000100048898673368,0.00488133526504714,12.6904661576653,13.2297428137997
"EGR1",231.282830118106,-2.29685252528028,0.481488952718007,-4.77031199223687,1.83940796881666e-06,0.000194162325255438,26.4270997763567,23.8964585297693
"MZB1",45.5086913735707,2.88536909096292,0.474793882398255,6.07709829029071,1.22376758054432e-09,3.09969202992052e-07,0.136456625351239,0.527682049553264
"PCDHGB5",31.8863147074141,1.48869565712642,0.424964288382566,3.50310766768771,0.000459863542512894,0.0165159868794323,0.500340959621211,0.678448349425626
"PCDH1",68.7405857974274,-1.1170349667522,0.241483230424009,-4.62572479584131,3.73290687025029e-06,0.000344391560327529,5.32180838869833,4.78683002094747
"ARHGEF37",71.2607041460268,1.33638160737096,0.30881617877823,4.32743392091078,1.50856582371745e-05,0.00105607188393004,2.09233492205234,0.866906224266077
"PPARGC1B",170.402707855329,0.587693652676476,0.185662286073645,3.16539058688183,0.00154874896903232,0.0405556802398295,5.73117826475205,5.12605419566028
"CD74",348.516051489253,1.23240443929051,0.193647765636373,6.36415522399931,1.96367477563158e-10,5.97229430668477e-08,7.82351318680439,7.34985711877761
"CCDC69",403.791036198357,-0.704779893109994,0.154849501134586,-4.55138626825436,5.32936035374424e-06,0.000466939113761076,25.835787733168,24.0095332546735
"HAVCR1",955.728612474292,-0.865350522198457,0.107042302687998,-8.08419195465872,6.25777039271285e-16,5.81179995605885e-13,63.0884464540563,63.3595375213598
"CYFIP2",1459.41332779851,0.632031383199769,0.145362012467924,4.34798179021658,1.37396008696763e-05,0.000978834008465648,44.7122875734228,45.7575720112616
"LINC02159",15.5339260685701,2.20308215885812,0.713175878759691,3.08911479548295,0.00200753852586701,0.049237709865939,0.136456625351239,0.226149449808542
"AC034213.1",36.2578656303145,1.49072086776474,0.417303704216362,3.57226847665803,0.000353902319458443,0.0136571003112897,0.955196377458675,0.414607324648993
"MGAT1",1160.33081601995,0.606110120221039,0.171789784174322,3.52820817101671,0.000418382989825933,0.0154544790119723,35.7971213838085,37.2015844935051
"ECI2",705.599362227645,-0.639561048389396,0.125756382213035,-5.08571443559789,3.66244764693164e-07,4.90591905475046e-05,40.7095598964531,43.6845353880167
"PHACTR1",43.0146765922905,-1.53951623508437,0.369094001133977,-4.17106815703988,3.03175158269269e-05,0.00189396104477542,2.86558913237603,4.52298899617084
"MYLIP",293.982717933368,-0.670664340905718,0.165380268842407,-4.05528631438374,5.0072930314079e-05,0.00289446469794786,17.7848468374449,17.9034981098429
"TRIM38",137.686803037448,1.10262867081878,0.292207692328044,3.77344162993807,0.000161010903067754,0.00714344869629578,3.27495900842974,3.20378387228768
"HIST1H4H",36.456554434082,1.3992853156209,0.42176087904387,3.31772192526028,0.000907547872273942,0.027786921777249,1.00068191924242,0.452298899617084
"ZNF391",127.110905964313,-0.650549771029362,0.202489076338591,-3.21276477127857,0.00131463912161628,0.0361227566138785,6.82283126756197,8.44291279285223
"ZFP57",277.626851899075,-1.91544033690778,0.602527501703273,-3.1790089771721,0.00147779514242216,0.0396669829076745,26.5180708599242,27.6279244516102
"HLA-F-AS1",12.6011237985412,-3.56460169066685,0.630024042249243,-5.65788200390083,1.53252435059754e-08,3.04994238973918e-06,1.81942167134986,1.69612087356406
"HLA-G",94.4518764474323,-4.17476827262721,0.639026455176777,-6.533013209089,6.44594561950989e-11,2.56567052643978e-08,11.2804143623691,17.0365918855768
"MICA",50.8580671156198,-1.41370777390212,0.403864161253087,-3.50045364143169,0.000464467016275727,0.0166336503952112,4.13918430232093,4.22145639642611
"MICB",631.077080668269,-0.54717709543556,0.128037833448875,-4.27355790625782,1.92378293219573e-05,0.0012884721167509,33.5228442946211,38.7846306421649
"ITPR3",265.828671157753,-0.689740884205975,0.178707611068766,-3.85960553152134,0.000113570204203955,0.00534508957690979,17.8303323792286,14.7750973874914
"FANCE",907.06272349191,-0.501252001492857,0.113468815077217,-4.41753094144631,9.98347825301328e-06,0.000776518073617447,55.6288176015219,46.322945635783
"ETV7",168.975844250913,0.773157591586367,0.216226812219345,3.57567862954044,0.000349320559128662,0.0135177353033928,4.27564092767217,5.35220364546882
"CDKN1A",10861.3879797033,0.528476386973231,0.117321912811897,4.50449855706447,6.65298499619575e-06,0.000558329722783151,344.825892262582,369.000518937604
"TREML2",6381.47953413405,0.686243105893785,0.138139634051855,4.96774955720662,6.77343609799968e-07,8.20528158967248e-05,196.815939298271,186.837137116824
"TREM1",168.942868703872,1.83835850296382,0.217184448019336,8.46450341969305,2.57246374160042e-17,3.58369923842354e-14,2.18330600561983,2.82686812260677
"MDFI",246.771752701898,0.600247040532528,0.190093313394866,3.1576441580861,0.00159049574830626,0.0413380527418927,9.05162281496554,6.5960256194158
"ENPP4",49.0237423409814,3.42088866367391,0.874342361118676,3.91252765026398,9.13350765503195e-05,0.00460761476391239,0.454855417837465,0.0753831499361806
"ENPP5",149.246798282098,0.744227062995213,0.205757731595708,3.61700655048793,0.000298029764377149,0.0119027438280702,4.86695297086087,3.84454064674521
"KHDC1",368.442231643884,-0.606559988137474,0.136318287617363,-4.44958632285677,8.60358447173137e-06,0.00067715556652932,21.4236901801446,21.9741882063967
"DDX43",243.77206333182,-0.540208399899953,0.153498216540509,-3.51931385311822,0.000432664537873014,0.0157786640762015,13.9640613276102,13.9081911632253
"COL12A1",198.118167376909,0.705071996777567,0.226962731384941,3.10655406936273,0.00189281689932959,0.047255971728603,6.73186018399447,5.08836262069219
"SNAP91",219.517937833742,0.90522786825747,0.180814563559606,5.00638803886534,5.54608964932351e-07,6.89844418792195e-05,5.73117826475205,5.87988569502209
"KRT8P42",46.3619226199755,1.04576969973726,0.324119827130878,3.22649098327139,0.0012531818043269,0.0347770432591197,1.00068191924242,1.24382197394698
"CITED2",295.378136588357,0.670472965754373,0.185373856005763,3.61686906773697,0.000298188040772126,0.0119027438280702,7.59608547788566,10.2521083913206
"PDGFA",1159.51787439897,-0.652939445784611,0.13222886271775,-4.93794949426697,7.89482813200218e-07,9.32058056838325e-05,67.7734572577822,71.8401418891801
"THSD7A",361.267116680236,-0.883244072934028,0.195641282665471,-4.5146099069709,6.343341867988e-06,0.000542141690570189,25.0170479810605,23.1803186053755
"ITGB8",39.2226331110721,-1.58813749794209,0.394143317775443,-4.02934015704131,5.5933633202289e-05,0.00312936322948228,4.18466984410467,2.7137933977025
"STEAP1B",49.2056797372702,-1.37462955991417,0.344569275103131,-3.98941420271072,6.62366716307354e-05,0.00353541407083439,3.68432888448346,4.2968395463623
"AC002480.4",15.209804478653,-3.04012061819234,0.62275333332267,-4.88174122163575,1.0515319033893e-06,0.000121065214430714,2.00136383848484,1.92227032337261
"BBS9",1773.80222920234,0.601403878141509,0.0967807720533988,6.21408432048552,5.16248022320467e-10,1.4101669017542e-07,56.7204706043318,55.1804657532842
"GLI3",81.0346025912757,-1.48727017590261,0.278809552291571,-5.33435875377492,9.58827890661113e-08,1.48415903831111e-05,6.86831680934571,6.85986664419244
"BLVRA",684.327740996283,0.773667107581009,0.131561255840272,5.88066070546116,4.0863204198921e-09,9.48775496158615e-07,19.012956465606,20.051917883024
"GTF2IP1",95.1212307439694,-0.787342584763598,0.226240073610163,-3.4801199106763,0.000501189411234334,0.0174989215235727,6.00409151545453,6.18141829476681
"DTX2",286.772422659168,0.696371976046441,0.220651014369537,3.15598810200884,0.00159955385233538,0.0414960609252965,7.7325421032369,9.38520216705449
"CDK6",448.873645151378,0.587138527778919,0.154645971816729,3.79666227889039,0.000146657370570345,0.00661192177804361,14.6918299961501,13.8704995882572
"CAV2",1577.4531224548,0.500139950688766,0.108840611346655,4.59515932978208,4.32418727288643e-06,0.000383957084819099,53.2635694287671,52.1274481808689
"MET",174.981102588987,-0.74827288091883,0.177887643236196,-4.2064354066757,2.59430187892196e-05,0.00165028399430419,12.6449806158815,9.42289374202258
"ATP6V0A4",734.079081388504,0.76307557708893,0.159830374353635,4.77428386296948,1.80347853063779e-06,0.0001932635339255,22.7427708918732,19.5242358334708
"HIPK2",24.5340960422844,2.07818857421208,0.595093061417432,3.49220770489596,0.000479045579479043,0.0168951492853736,0.454855417837465,0.188457874840452
"ADCK2",904.402012309928,0.592547493505581,0.138512186144794,4.27794485090402,1.88626736210519e-05,0.00126944882229408,29.3836599923002,27.967148626323
"TRPV6",391.703002639151,0.821203933601292,0.186503173532025,4.4031633245119,1.06683789322471e-05,0.000816599928050191,12.8724083248002,8.97059484240549
"CSMD1",191.867972782776,1.53123280993513,0.278712168521831,5.49395750481986,3.9302510115213e-08,6.84404085518791e-06,3.95724213518594,3.01532599744722
"NEIL2",261.299705829403,-0.505419529496253,0.146461797701622,-3.45086252816529,0.000558798122389222,0.019316666607951,15.601540831825,13.8328080132891
"DLC1",177.294316769174,-0.575255357659542,0.177237715263272,-3.24567125459188,0.00117174064199143,0.0329768058254195,10.2797324431267,10.3274915412567
"PHYHIP",173.934888949013,0.974035000021917,0.235228033812775,4.14081172313491,3.46078942959038e-05,0.00212983549021842,4.86695297086087,3.99530694661757
"LOXL2",277.054720355329,-1.30086789434962,0.170583027707499,-7.62601011268384,2.42130846003995e-14,1.77532885035877e-11,21.6511178890633,22.0872629313009
"DOCK5",542.300413584105,-0.790307468005184,0.118435681433463,-6.67288319229353,2.50826031764184e-11,1.16475248283562e-08,36.9797454701859,32.5278291974619
"EPHX2",40.203422350192,1.08915418158843,0.343186395753059,3.1736519718344,0.00150534072734957,0.0399445746146796,1.09165300280991,0.829214649297987
"ZNF395",485.43526563234,-0.608407975717823,0.14459192225367,-4.20775909355739,2.57915608853819e-05,0.00164817538850576,29.5201166176514,27.8163823264507
"FBXO16",19.4410650853717,2.6738747755173,0.664104998536825,4.02628316517487,5.66654448189761e-05,0.00315762524709262,0.318398792486225,0.0376915749680903
"AC090204.1",20.0375131657301,2.96178884310207,0.722433365960672,4.09973982744217,4.13614854733184e-05,0.00246242245354188,0.136456625351239,0.150766299872361
"HEY1",343.723752591121,1.2981965634687,0.135696198434359,9.56693391890917,1.10123049763542e-21,2.55687367709316e-18,7.00477343469695,7.34985711877761
"LRRCC1",221.191812677877,0.588473939378636,0.1605564199151,3.66521587669813,0.000247130036229582,0.0103389964551433,7.68705656145315,6.40756774457535
"OSR2",136.80601684264,0.605341839846897,0.195884973950314,3.09029236719525,0.00199959557575346,0.0491293932377804,3.95724213518594,4.63606372107511
"LINC02055",58.6968198635741,-1.36461548155407,0.330510665483988,-4.12880921575036,3.64646808075134e-05,0.00221829462152607,3.54787225913222,5.91757726999018
"INSL4",2390.71150809412,0.826176090329261,0.126362477156368,6.53814414627934,6.2286878705675e-11,2.55211325661399e-08,62.0877645348139,70.2947873154884
"AQP3",356.056269945734,-0.958102685422326,0.155641080971667,-6.15584702599656,7.46772802935944e-10,1.96288526749069e-07,24.5621925632231,24.4618321542906
"PCSK5",167.759100736033,-0.570214259026521,0.182891497958756,-3.11777346345051,0.00182222808315572,0.0458221289285963,10.6436167773967,8.85752011750122
"GCNT1",527.261155078307,0.931411524073152,0.205787254734362,4.52608945716999,6.00851536585409e-06,0.000519904519016853,15.1921709557713,12.3251450145655
"FGD3",158.990872655716,1.23153032749053,0.296012748363055,4.16039624746188,3.17695916774028e-05,0.00196703191847955,3.77529996805096,3.16609229731959
"RGS3",355.189733130392,0.752344461117714,0.168930039193699,4.45358602122301,8.44478519819616e-06,0.000668433537477675,9.77939148350549,10.7420988659057
"OLFML2A",76.1006633505496,-1.46406877001507,0.302712420547288,-4.83650048903878,1.32144947890586e-06,0.000149667582850712,6.59540355864323,6.18141829476681
"ASS1",420.111782379417,-0.728963950294505,0.187719073929959,-3.88327054376207,0.000103060786881319,0.00496795786174277,24.4712214796556,27.8540739014187
"FIBCD1",87.9319727094159,1.12429297413362,0.29607943941596,3.79726797764604,0.000146299606124127,0.00661192177804361,1.68296504599862,2.37456922298969
"NOTCH1",171.700085898625,0.6933148495109,0.210379935699585,3.29553693989586,0.000982337877075909,0.0293039592409946,4.59403972015839,5.65373624521355
"LINC01451",443.735064651039,0.865264668734676,0.178962861305203,4.83488396656251,1.33223321631534e-06,0.000149672104326524,13.1908071172865,10.8928651657781
"CYSRT1",29.6362390406931,2.02019450508039,0.530646995920574,3.8070403123186,0.000140639827383702,0.00646618295472724,0.454855417837465,0.339224174712813
"ASB13",115.389876577167,-0.904081394077979,0.255520143904607,-3.53820008185147,0.000402864660756677,0.0151275137169845,7.32317222718318,8.21676334304369
"CELF2",23.6166359880331,2.83687465378521,0.665956726783465,4.25984833502195,2.04565663714882e-05,0.00135958292658212,0.136456625351239,0.226149449808542
"PHYH",6344.58353634404,0.665831772831309,0.152339840964466,4.37070019645497,1.23848744105008e-05,0.000910880420934162,188.082715275792,197.616927557698
"PLXDC2",57.3249824898767,2.35223047385596,0.367594018797805,6.3989900639537,1.56408019325126e-10,5.06725608655425e-08,0.545826501404957,0.678448349425626
"NRP1",2609.19373540382,1.0526036875222,0.119097478161398,8.83816940351779,9.72996677386468e-19,1.69435208908386e-15,62.8610187451376,63.6610701211045
"AC245041.2",365.679405843623,1.33101967279378,0.215820901532232,6.16724174231565,6.94914781820833e-10,1.86170342798962e-07,7.59608547788566,7.3875486937457
"AC073174.1",82.2245391092506,-0.872945417699908,0.225534887375087,-3.87055602731703,0.000108587396209065,0.00516290449347604,5.04889513799586,5.842194120054
"IPMK",142.555173964713,-0.704388679313693,0.180094292455307,-3.91122155905355,9.18304825504137e-05,0.00460761476391239,9.50647823280301,8.10368861813942
"PHYHIPL",318.257739723638,1.20745637337962,0.247829716445248,4.87212103011216,1.10406496068522e-06,0.000126071548912343,6.458946933292,7.57600656858615
"UNC5B",89.2180574967234,0.95489170899118,0.278836099671545,3.42456270947698,0.000615789710911782,0.0207051597752792,1.63747950421487,2.90225127254295
"VSIR",6459.30715338465,0.853226246211204,0.151543134564079,5.63025338406487,1.79945067061681e-08,3.43399277977573e-06,163.566008254352,188.570949565356
"DDIT4",234.125883979253,0.995532805807967,0.245941710287487,4.04784046042563,5.16923598618094e-05,0.00297572836873912,5.00340959621211,6.70910034432007
"P4HA1",674.866950152506,-0.507238810822556,0.112139433469974,-4.52328672552435,6.08866689409923e-06,0.00052358776852899,37.3891153462396,38.5961727673245
"KLLN",124.710618328531,0.956491252679689,0.233707292763033,4.09268894167338,4.26399550498988e-05,0.00251702209237348,2.91107467415977,3.46762489706431
"FAS",37.1111511864306,2.9632331249932,0.528702080244453,5.60473135196121,2.08578221085063e-08,3.77364051680002e-06,0.181942167134986,0.339224174712813
"PCGF5",35.2351952002668,1.27748399719326,0.382681011553477,3.33824767528278,0.000843085636096279,0.0263341390055095,0.864225293891183,0.640756774457535
"CYP2C18",248.896661166032,0.958751555400057,0.219968957943434,4.35857661173538,1.30911095573665e-05,0.000944933923542348,7.09574451826445,5.69142782018164
"SORBS1",177.934643551795,0.825956921499658,0.245265245389781,3.3676068543141,0.000758236369447674,0.0243386886239068,5.64020718118456,4.2591479713942
"BLNK",40.9485856425662,-1.51497553134277,0.398335925058676,-3.80326110711609,0.00014280370046577,0.00654407352364684,4.00272767696969,3.01532599744722
"ABCC2",529.097924318755,1.09460277522013,0.1789242596977,6.11768788128285,9.49427917982466e-10,2.44934820840995e-07,13.3272637426377,11.7220798150761
"SFXN3",747.213087677713,-1.04585716213093,0.162142751441499,-6.45022458810486,1.1168451953771e-10,4.09441326757854e-08,52.3993441348759,54.27586795405
"GSTO1",1668.33091857009,-0.817164287525243,0.17471914954833,-4.67701616930777,2.910793137661e-06,0.000279656960005209,94.2915281177064,121.593020847059
"BAG3",605.935274819925,0.525916728682714,0.136627830204314,3.84926502818831,0.000118472769230799,0.00551988009416143,17.8758179210124,21.9364966314286
"INPP5F",533.002164577421,-0.590259665805492,0.178206432645978,-3.31222423927925,0.000925573247698627,0.0281531897678812,35.0693527152685,27.4017750018017
"MGMT",224.341837174261,0.844037810606843,0.209694790647603,4.02507762830059,5.69565235559393e-05,0.0031612005165649,5.32180838869833,6.93524979412862
"CCKBR",1237.19595267721,1.20822459577221,0.189392057499098,6.37948925486467,1.77679550721385e-10,5.6255768661355e-08,23.6979672693319,30.8317083238979
"OLFML1",285.17041065607,-0.512428556136033,0.156619605520033,-3.271803389075,0.0010686386300874,0.0310150099078074,16.5567372092837,15.6420036117575
"STK33",81.7054580216401,-0.834558694734782,0.234991089183804,-3.55144825973384,0.000383117310275721,0.0145032805691605,5.64020718118456,5.0506710457241
"AMPD3",1707.95229381161,0.69443974175736,0.136239936242065,5.09718193440368,3.44746971367848e-07,4.73008222958845e-05,54.3097368897933,47.9436833594109
"TEAD1",1153.12316483158,-1.42022005347777,0.132197512784859,-10.7431677310682,6.38164241679395e-27,2.96342201694522e-23,101.97858467916,88.6505843249484
"LINC00958",111.852444087707,1.9794289509765,0.634124258969843,3.1215158905798,0.00179922537550892,0.0454076244677804,1.81942167134986,1.24382197394698
"USH1C",67.5526603450587,1.53576555216081,0.303707030293991,5.05673362475071,4.26498305704507e-07,5.50143323774952e-05,1.2735951699449,1.1684388240108
"MRGPRX1",2705.65141522195,0.911205745776773,0.161777609387475,5.63245896157568,1.77658129221456e-08,3.43399277977573e-06,70.0022488051858,72.63166496351
"ANO5",41.2668341283287,1.75756431732911,0.439909046373377,3.99529023514865,6.46150460730256e-05,0.00346212387247431,0.864225293891183,0.452298899617084
"MUC15",5474.72493017148,0.531268399590573,0.10572717862219,5.02489905163393,5.03697414422975e-07,6.32162944173555e-05,190.12956465606,169.461321056534
"SERPING1",498.669097602975,-0.641327338569686,0.135958871643372,-4.71706870480602,2.39266909215573e-06,0.00024330126367023,29.5201166176514,30.1909515494403
"FOSL1",949.315353475877,0.784140480497673,0.0980237921450281,7.99949138202613,1.24934193645861e-15,1.08778640730031e-12,27.5187527791666,26.4217940526313
"MYEOV",422.414139242094,0.637061868363726,0.123131682759661,5.17382572937947,2.2934875145152e-07,3.29387366646508e-05,13.1908071172865,12.928210214055
"AP000439.3",207.657150408814,3.92275734760557,1.0437255940636,3.75841827575852,0.000170990868444669,0.00751218619196578,0.500340959621211,1.05536409910653
"CCND1",2678.11952294022,0.566121003396899,0.122494662313599,4.62159732272717,3.80796615449091e-06,0.000349005108540874,74.9146873178304,97.1688802677368
"P2RY2",131.962792043364,-0.815880769451348,0.23520760285707,-3.46876869429743,0.000522849398841061,0.0181641271203362,8.23288306285811,8.85752011750122
"PRCP",998.139005417156,-0.525439939025752,0.110321857278902,-4.76279091003154,1.90933652306668e-06,0.000199992233855954,51.8080320916872,61.3995756230191
"PRSS23",408.938033691048,0.546108115709717,0.155355864389646,3.51520760323556,0.000439410341150318,0.0159104490941539,13.1908071172865,13.4182006886401
"TAGLN",2058.65156935871,0.967971453036371,0.201029721496661,4.81506637839346,1.47150967867389e-06,0.000163996810668848,49.7611827114186,55.1427741783161
"BACE1",10.9168160691144,-2.06972576082475,0.642807710599021,-3.21982099265114,0.00128270666143632,0.0354551319453756,1.13713854459366,1.09305567407462
"MPZL3",108.841952484862,2.16455315800213,0.330442143180756,6.55047548465418,5.73541720054309e-11,2.42121506123533e-08,1.72845058778237,0.942289374202258
"MPZL2",26.5962527628469,2.6653405469952,0.590945981805402,4.51029472922771,6.47376183796882e-06,0.000546581673725719,0.409369876053718,0.0753831499361806
"MCAM",551.496080816835,0.871816872737572,0.189730917569855,4.59501742733409,4.3271310255257e-06,0.000383957084819099,14.8737721632851,14.8881721123957
"NECTIN1",3818.49338576287,0.65248285504763,0.173341125471769,3.76415494748761,0.00016711324415064,0.00739064953734149,125.267182072438,108.890960082813
"AP001360.2",24.3488103012451,2.08657687610078,0.548893729114757,3.80142232534877,0.000143867841388305,0.00654974803392315,0.318398792486225,0.301532599744723
"ESAM",134.938341587416,0.810381639046941,0.229331152083108,3.53367447765346,0.000409825490004754,0.0153475239281081,4.04821321875343,3.5053164720324
"FEZ1",109.436777612313,1.43585657699038,0.320939781014027,4.47391274604136,7.68010919545341e-06,0.000625681878373459,1.77393612956611,2.41226079795778
"DPPA3",1270.95761449347,0.718725357383799,0.203780369201012,3.52696071855104,0.000420359123221754,0.0154544790119723,34.5690117556473,40.3299852158566
"CPNE8",1446.03199872103,0.524081696089616,0.13064318120719,4.01155032545069,6.03213146450444e-05,0.00328040836784995,51.9444887170384,43.4583859382081
"ADAMTS20",147.550260004589,1.55474451073549,0.256198979151418,6.0685039256796,1.29107260998821e-09,3.21177366602603e-07,2.18330600561983,3.05301757241532
"METTL7A",2875.49754750264,0.630802796957367,0.140155269635188,4.50074263065023,6.77164584305311e-06,0.00056488501939864,98.4761979618111,80.13228838216
"NR4A1",731.492580102527,0.623629879137303,0.182730880415367,3.41283245458963,0.000642914553614415,0.0213757581059724,21.6511178890633,23.8964585297693
"ITGA5",1626.67619882246,-0.807766718247173,0.134181353945963,-6.01996249473288,1.74457489139457e-09,4.19028841586513e-07,105.662913563643,104.330279511674
"PMEL",11318.7107704278,0.626097292434751,0.0913538416784041,6.85354092320301,7.20440293932546e-12,3.46084611543941e-09,362.610739100027,341.711818660707
"STAT6",154.273421470055,-1.37244592983358,0.326885940693715,-4.19854682927319,2.68633304932457e-05,0.00170105935046094,12.4175529069628,12.6266776143103
"DDIT3",542.510006825396,0.681381087678385,0.150973648083514,4.51324516780217,6.38431486039068e-06,0.000542316404390869,14.8282866215013,17.7904233849386
"PPM1H",823.801498137024,-0.662651479531775,0.180494922469315,-3.67130260766437,0.000241317416490301,0.0101850650487188,56.9478983132506,42.8930123136868
"RAP1B",2986.31487253572,0.516444825373613,0.0941035864257176,5.48804615200589,4.06403895069498e-08,6.98964526199158e-06,93.7457016163014,103.764905887153
"ACSS3",177.638366092696,0.929262101027563,0.245581254465053,3.78392928667037,0.00015437170024263,0.00691495870122214,4.27564092767217,4.97528789578792
"NFYB",1294.60416543814,-0.629736336404362,0.123757659014278,-5.08846354577302,3.60976151764043e-07,4.8822900681795e-05,79.5087270379888,74.8177763116593
"OAS3",16.2702128051601,2.24603646928078,0.673037738811744,3.33716274698976,0.000846383715436318,0.0263780123931618,0.227427708918732,0.150766299872361
"RASAL1",52.5498865441508,3.00636186765727,0.535744646341542,5.61155746153866,2.00513682659201e-08,3.70085859674468e-06,0.272913250702479,0.452298899617084
"FZD10",507.091054920061,0.780940000277205,0.150374457229359,5.19330220481576,2.06596418399734e-07,2.99801531742364e-05,15.1921709557713,13.6820417134168
"SPATA13",289.551933084981,0.831199571591218,0.165010300916315,5.03725868612748,4.72246359305213e-07,5.98078548316447e-05,8.3238541464256,7.68908129349042
"LINC01198",26.0717294671049,-1.39184602381907,0.451310044792209,-3.08401295269176,0.0020422870362929,0.0497396865430006,1.45553733707989,2.78917654763868
"LINC00458",30.7181869748673,-2.33640689927681,0.398439798336622,-5.86388937307636,4.52148783843863e-09,1.01594914640788e-06,3.77529996805096,2.97763442247913
"TBC1D4",296.980005464243,-0.560327193621171,0.146571257885735,-3.82289953503704,0.000131891527256969,0.00610425536949112,18.649072131336,15.6796951867256
"KCTD12",145.265366675899,-0.739894185976307,0.203080995122699,-3.64334528462041,0.000269117440273294,0.0110266913542566,9.05162281496554,9.12136114227786
"EDNRB",1167.56580253277,-0.595023137131003,0.109535787223597,-5.43222587076838,5.56554125695245e-08,9.23018514888149e-06,73.4591499807505,63.6233785461365
"LINC00379",330.715596943772,-0.718384577984869,0.182992866297575,-3.92575182038334,8.6459264578916e-05,0.00439585406879153,20.3775227191184,20.6172915075454
"AJUBA",455.464955657195,0.55701278563066,0.121354025022615,4.58998196002858,4.4328431979536e-06,0.000390847712599314,14.6463444543664,14.8127889624595
"DHRS2",41.8884864035157,1.45301204661068,0.448106081070608,3.24256266091984,0.00118459895812346,0.0332714679145524,0.682283126756197,0.904597799234167
"NYNRIN",15.6485296247002,-1.85571448707887,0.576754057060252,-3.21751440559873,0.0012930653339,0.0356706795377444,1.41005179529614,1.58304614865979
"DPPA3P2",118.996155273601,0.924823245608839,0.25909433237946,3.56944606667187,0.000357736854261177,0.0137669395489294,3.04753129951101,3.16609229731959
"SEC23A",533.245771044866,-0.531393573580761,0.114152168418348,-4.65513341484059,3.23770986812555e-06,0.000306333591864136,32.0673069575412,28.7209801256848
"ABHD12B",233.499140149519,-1.210725603551,0.167126365664726,-7.24437223735153,4.34446723414754e-13,2.63142491473519e-10,17.3754769613911,18.2050307095876
"HSPA2",1360.4467864048,-1.18744188874077,0.290059224228451,-4.09379116247494,4.24376574265551e-05,0.00251574044940144,96.3838630397587,109.117109532621
"ACOT4",59.4894425000197,-1.35932963274523,0.377695516904671,-3.59900918042489,0.000319431914096977,0.0125640963245969,3.45690117556473,6.10603514483063
"PGF",6391.47289722163,0.577992810592691,0.157941185660882,3.65954458410683,0.000252663882752719,0.0105070464197855,181.6237683425,226.526365558223
"ZC2HC1C",86.1183570447002,0.858279924523642,0.252166974914047,3.40361748328143,0.000664998087218113,0.0219009180922826,2.18330600561983,2.48764394789396
"FOS",563.764846194623,-1.2948770259265,0.132009136777469,-9.80899547967882,1.02988646305441e-22,3.58683707920274e-19,44.4393743227203,44.4383668873785
"SPTLC2",367.204014264312,-0.507370547018327,0.14088370856559,-3.60134292448806,0.000316577670956361,0.0124936077453061,21.1507769294421,20.2026841828964
"GALC",20.1403701647958,2.24599385762795,0.671581556153038,3.34433522935543,0.000824800075552328,0.0258790311993682,0.363884334269972,0.113074724904271
"PTPN21",403.979621312992,0.938556552469023,0.167289710722701,5.61036628262675,2.01898825175936e-08,3.70085859674468e-06,11.8262408637741,9.19674429221403
"ASB2",70.5640852700587,1.05149909712554,0.32103549374552,3.27533596007627,0.00105536385391612,0.0306936823567965,1.72845058778237,1.69612087356406
"OTUB2",258.28731704938,0.937631486552221,0.178388578544755,5.2561183804544,1.47127605514885e-07,2.22237093220209e-05,6.23151922437326,7.16139924393716
"TCL6",872.155928996906,0.523473002237611,0.168840256310302,3.10040397756533,0.0019325686353289,0.047990398678729,25.5173889406818,31.8870724230044
"TNFAIP2",576.458734448678,0.793966667869495,0.125277421181775,6.33766771681438,2.33269227294271e-10,6.77015334465936e-08,18.2397022552823,14.3981816378105
"NDUFB4P11",22.8688132264461,2.79634522380598,0.600838349967287,4.65407247050431,3.25442334332726e-06,0.000306333591864136,0.0909710835674929,0.263841024776632
"ZBTB42",12.0669221747383,-1.69095757116318,0.546314555092532,-3.09520871336985,0.00196674447649928,0.0486550068760353,1.13713854459366,1.05536409910653
"NDN",110.342889327179,2.51121435323105,0.276448653053632,9.08383645748443,1.04813718717411e-19,2.08594273636037e-16,0.909710835674929,1.20613039897889
"THBS1",119.693912234335,1.83681125373381,0.281842026965094,6.5171659227433,7.16481598484304e-11,2.77258476346801e-08,1.31908071172865,2.22380292311733
"IVD",209.213732060953,1.46722020581096,0.4697292204693,3.12354467611166,0.00178686735735499,0.0453421660388204,4.27564092767217,3.61839119693667
"CHAC1",1038.43837583789,0.95527598496355,0.185122770831691,5.16022950970232,2.46647284645538e-07,3.50616665550714e-05,26.7454985688429,26.6102519274718
"SORD2P",36.9756384416507,-1.36581966063152,0.347567159497344,-3.92965682548023,8.50671810630492e-05,0.00435687830657845,2.86558913237603,3.1284007223515
"SORD",530.132423333669,-1.0117773439576,0.122837196809621,-8.23673423226763,1.76975015852354e-16,2.05453245486595e-13,36.3884334269972,38.2192570176436
"SEMA6D",419.428424097018,2.26975094289103,0.169558962347478,13.3862044887938,7.28074094030553e-41,5.07140010196982e-37,5.73117826475205,3.84454064674521
"SLC27A2",759.141092621058,1.07490797092646,0.127851737912069,8.40745685964577,4.18996397712883e-17,5.30639892412561e-14,19.6497540505785,16.7350592858321
"MYO5C",92.2296022144843,2.04297699811263,0.279455358223265,7.31056656455462,2.66018327372672e-13,1.68450059937668e-10,1.04616746102617,1.35689669885125
"FAM214A",326.778431145249,0.857480567446828,0.17153715567526,4.99880369399466,5.76870945695719e-07,7.11184880043103e-05,9.5974493163705,8.21676334304369
"WDR72",339.034370425836,-1.11770118907101,0.148199487494788,-7.54186946233753,4.63281379389146e-14,3.22698644813509e-11,25.1535046064118,24.6879816040992
"CGNL1",123.098834019388,0.783561626253383,0.194171103597472,4.03541830754462,5.45051020700137e-05,0.00308662836153399,3.72981442626721,3.27916702222386
"CA12",693.351784827592,-0.676619565629573,0.192408133684558,-3.51658504592562,0.000437136592178156,0.0159001301974775,45.212628533044,39.2746211167501
"CYP1A1",1471.36002597827,1.51689004975275,0.111047589424391,13.659819700864,1.76420015941345e-42,2.45770724207888e-38,27.7006949463016,26.0825698779185
"CTSH",4405.61663079252,-0.507993605290096,0.0918875479382226,-5.52842704684674,3.23114738375356e-08,5.69786255735074e-06,243.438619626611,252.646627011109
"HOMER2",19.0885243955484,2.54427686635518,0.727408824498427,3.49772614885384,0.000469242690113528,0.0167599803514723,0.0454855417837465,0.301532599744723
"HDGFL3",154.415925214698,1.35116440152441,0.210429398514425,6.42098685384869,1.3539372169476e-10,4.55905638896388e-08,2.95656021594352,3.27916702222386
"ALDH1A3",109.875803506734,0.843922621965346,0.23965963020413,3.52133824643948,0.000429374535833889,0.0156997812564355,3.09301684129476,2.93994284751104
"ABAT",67.9557733106428,-1.34971423992463,0.256864190435794,-5.25458312283512,1.48360129706981e-07,2.22237093220209e-05,6.09506259902202,4.86221317088365
"EMP2",624.299529668546,-0.523573323907927,0.148351405027548,-3.52927782389862,0.000416695427481976,0.0154544790119723,37.6165430551583,33.2816606968237
"TMEM159",141.169557625163,-0.634525854030267,0.193511467806017,-3.27900904904685,0.00104172295465248,0.0305707806312884,7.77802764502064,9.04597799234167
"NUPR1",2113.49410543836,1.2134934284272,0.149490012532512,8.11755519896879,4.75668476964686e-16,4.73324110899646e-13,45.0761719076927,47.9059917844428
"PRSS8",2274.46123752166,-0.532604363927634,0.137422537298812,-3.87566970015653,0.00010633184257905,0.0051079617205819,126.540777242383,132.523577587806
"NETO2",83.292689445966,1.04714153714821,0.331514121071137,3.15866344928188,0.00158494404895343,0.0412707580298509,2.09233492205234,1.9599618983407
"ZNF423",27.2683699519484,2.61592014600862,0.656819206423204,3.98270958039421,6.81339952989203e-05,0.00360902923387551,0.227427708918732,0.263841024776632
"SLC12A3",12.2217668473224,-2.49384733453158,0.693182266361423,-3.59767907454127,0.000321069434466764,0.0125640963245969,1.63747950421487,1.1684388240108
"HSD11B2",202.645471305761,-0.659105659009741,0.196240187410552,-3.35866810823429,0.000783190683454282,0.0249671153574407,13.281778200854,11.2320893404909
"HAS3",264.567710994519,1.22119663254133,0.216527826642777,5.63990620270728,1.70142821337965e-08,3.3383938648721e-06,6.82283126756197,4.82452159591556
"AC092718.6",41.6461378978832,-1.56227008190493,0.333549356129167,-4.68377483930726,2.81639379757155e-06,0.000276304098549079,3.27495900842974,3.95761537164948
"ENO3",37.3701956112097,-1.29767761751014,0.370348001674681,-3.50394118948168,0.000458426586333283,0.0165159868794323,3.13850238307851,2.75148497267059
"SLC52A1",1551.21876791209,0.775063175852874,0.196550338025295,3.94333168612067,8.03573948539836e-05,0.0041615571290366,42.3925249424517,46.1344877609425
"ALOXE3",131.753147168566,0.761412524204921,0.194689114307451,3.91091472634934,9.19472331037001e-05,0.00460761476391239,4.13918430232093,3.46762489706431
"TRPV2",3675.77572927417,0.601328443703694,0.137196891802538,4.38295967061091,1.17077792609975e-05,0.000881627420999767,119.172119473416,112.810883879494
"ALDOC",136.456244233733,-0.960113976182748,0.299765835251119,-3.20287992585428,0.00136060698165411,0.0370207341043426,9.27905052388428,9.53596846692685
"TLCD1",165.243183891187,0.701005128693225,0.198505547033368,3.53141329887063,0.000413345343869871,0.0154378391030862,5.54923609761707,4.33453112133039
"ADAP2",461.909789896393,0.553039816506931,0.154140740830731,3.58788866283088,0.000333366578352066,0.0130087669552455,14.1005179529614,15.8304614865979
"TBC1D3B",28.3284284978334,2.4368344069001,0.598378522623777,4.07239617527555,4.6531944067907e-05,0.00271228666447704,0.272913250702479,0.301532599744723
"ARHGAP23",160.991990983773,-0.642875544264554,0.204877227130866,-3.1378575026004,0.00170187592235719,0.0435824144749228,9.96133365064047,9.3475105920864
"KRT14",67.8940304267266,-1.68971736317825,0.29826271228123,-5.66519814111066,1.46854738315749e-08,2.96497588329957e-06,4.27564092767217,7.99061389323515
"KRT17",293.265749718617,0.868011695520536,0.251817650121771,3.44698513031471,0.000566879781871411,0.0194992647932114,6.73186018399447,9.08366956730977
"CAVIN1",456.749435855356,-1.09782625316643,0.215358674855028,-5.09766441451895,3.43869716427624e-07,4.73008222958845e-05,31.748908165055,34.8270152705154
"PLEKHH3",91.6393371768905,0.81689869421777,0.246545384864069,3.31338059590188,0.000921754552577842,0.0280983865907263,2.50170479810605,2.60071867279823
"SCPEP1",711.278323366532,-0.554553143679418,0.129353382775513,-4.28711744355243,1.81006607417299e-05,0.00123699588940907,40.8915020635881,40.9707419903142
"SLC16A5",150.882643105457,-0.758468501758086,0.239145341958008,-3.17157965757605,0.0015161228125232,0.0401541956297733,9.37002160745177,9.68673476679921
"TRIM47",26.0465414717871,-1.33470127932159,0.382746242205746,-3.48717017214794,0.000488160637100439,0.0170868488327794,2.31976263097107,1.84688717343643
"ST6GALNAC2",187.956657120741,0.552062252838426,0.176563013851436,3.12671516415632,0.00176771100028363,0.0449379232572103,5.68569272296831,6.48295089451153
"TBC1D16",118.375336266574,1.2284477903284,0.234319715047987,5.24261387940329,1.58317618092039e-07,2.34630078472362e-05,2.36524817275482,2.78917654763868
"RAB40B",179.260011474524,1.14640066256442,0.240321685157951,4.77027556548193,1.83974064559025e-06,0.000194162325255438,3.91175659340219,4.2968395463623
"COLEC12",410.393056018043,-0.949659758123044,0.13484114025182,-7.04280426841189,1.88408811549968e-12,1.00950890527023e-09,27.8371515716528,28.4571391009082
"LINC00667",175.627802713551,0.853030253676548,0.211370522130519,4.03571058574483,5.44372873101489e-05,0.00308662836153399,4.68501080372589,4.89990474585174
"TTC39C",180.043147030641,1.22479910111921,0.241602778793076,5.06947439610456,3.98915794920178e-07,5.29266279907904e-05,4.23015538588842,3.65608277190476
"OSBPL1A",140.415018560229,0.952554291644274,0.203340531773324,4.6845273951882,2.8060663637722e-06,0.000276304098549079,3.36593009199724,3.84454064674521
"MOCOS",386.878701379946,0.607572928850321,0.144166227586158,4.21439153276877,2.50452480444057e-05,0.00161530254864174,13.4182348262052,10.9682483157143
"RIT2",16.9145973321232,2.99809181286539,0.919267044774686,3.26139377007715,0.00110865964668677,0.0319106147479203,0,0.226149449808542
"ACAA2",1100.0889445787,-0.538138612867993,0.105278922044843,-5.11155131925434,3.19523995840818e-07,4.49625129904892e-05,62.6335910362189,63.020313346647
"SEC11C",1957.14612053914,0.748890934205746,0.114296394564258,6.5521833567962,5.67018590088616e-11,2.42121506123533e-08,51.853517633471,61.4372671979872
"BCL2",60.0141518089213,1.05412111069554,0.337628470591964,3.12213335814765,0.00179545588126719,0.0453947293682999,1.22810962816115,1.65842929859597
"SERPINB7",117.014654700086,-2.08523259142311,0.362230390155262,-5.75664728331966,8.58009241835462e-09,1.81104950727422e-06,12.5085239905303,11.4959303652675
"TLE2",55.3809935942741,-1.18635851740919,0.361823023024447,-3.2788364529502,0.00104236026127787,0.0305707806312884,3.59335780091597,4.74913844597938
"NMRK2",237.209806022472,-0.682073758853979,0.217729498924762,-3.13266581800968,0.00173226548550635,0.0441981510596868,15.6470263736088,13.342817538704
"EBI3",161.928473159563,-1.03272570890406,0.30902962211967,-3.34183403461608,0.000832268078826254,0.0260546665306259,11.5078420712879,11.4959303652675
"RTBDN",19.0741336240769,-1.54776093379866,0.4768445025377,-3.24583994480736,0.00117104657865481,0.0329768058254195,1.68296504599862,1.62073772362788
"PALM3",269.883410002942,-0.621643680505641,0.201323285252393,-3.08778827906719,0.00201652081148494,0.0493710921349678,15.1466854139876,16.8858255857045
"ADGRE2",349.554457261997,0.650404248732272,0.159189645001663,4.08571957507335,4.39404232533154e-05,0.00257199174933587,11.4168709877204,10.0636505164801
"ELL",274.980610202277,0.714017461235002,0.16510628907462,4.32459275317066,1.52813898915978e-05,0.00105912956507388,8.05094089572312,8.21676334304369
"ZNF98",72.1856606110397,-0.939809633338256,0.263971963771559,-3.56026306699588,0.000370483458937525,0.0141791347979633,4.68501080372589,5.16374577062837
"ZNF723",39.7042417525761,-1.58730664437748,0.465569956979614,-3.40938374691343,0.000651098214027238,0.0214939554967144,2.86558913237603,4.07069009655375
"AC074135.1",29.8540585594825,-1.24431097292449,0.367766216232956,-3.38342924934762,0.000715866493788527,0.0231988536601476,2.50170479810605,2.11072819821306
"SBSN",29.394943872043,2.11833264616135,0.547174807804481,3.87140017403411,0.000108211972631574,0.00516267462578924,0.272913250702479,0.452298899617084
"SERTAD1",519.614924382697,0.567213517408451,0.145292628393562,3.90393871788188,9.46397541947527e-05,0.00469275665851781,15.1921709557713,18.1673391346195
"CEACAM1",53.6051285061298,-1.13437726876278,0.311971827802852,-3.63615290762612,0.00027674009957331,0.0112398435194046,4.18466984410467,3.76915749680903
"PSG11",268.922725699169,0.966971257035455,0.220979861547303,4.3758342966853,1.20968888008494e-05,0.000897308783921066,6.50443247507574,7.19909081890525
"ETHE1",882.739875000986,-0.517054079762252,0.137598380934989,-3.75770467827339,0.000171479090449007,0.00751218619196578,44.4393743227203,55.2558489032204
"LHB",322.923403809858,0.918131582822113,0.260390650053901,3.52597753656692,0.000421922754859299,0.0154679102577497,8.3238541464256,8.63137066769268
"CGB2",568.495186736794,1.21367618613621,0.229404922946683,5.29054115555438,1.21954974569401e-07,1.86698324255641e-05,10.8710444863154,14.0966490380658
"NTF6B",17.1274399265532,2.3688108957481,0.731347071424788,3.23896955126006,0.00119962379448019,0.0336256721949768,0.0909710835674929,0.263841024776632
"CGB7",5674.12023605448,0.959603619330557,0.302717429591509,3.16996487656974,0.00152457365276104,0.0402585588652987,138.594445815075,152.047813421276
"KLK6",98.7276614691449,-0.678689833927977,0.219614003506645,-3.09037594639288,0.00199903291550175,0.0491293932377804,6.458946933292,5.57835309527737
"AC018755.4",84.6533790392113,1.74208269544153,0.367302429905322,4.74291089196056,2.10668951484427e-06,0.000217394752824412,1.77393612956611,0.942289374202258
"SIGLEC14",1396.68892808073,1.59163634872943,0.445020594660936,3.57654537301158,0.000348164908447711,0.0135105441214069,25.7903021913842,22.954169155567
"ZIK1",54.9557063838205,2.71809261337449,0.536469776950396,5.06662766507686,4.04925214957812e-07,5.32171053733706e-05,0.272913250702479,0.640756774457535
"ANGPT4",1732.20842580644,1.8313472686951,0.190377637731054,9.6195503343845,6.6119572181217e-22,1.84222352011307e-18,28.7468624073278,23.2933933302798
"SIRPA",371.539275970846,0.616908373796426,0.155888990039251,3.95735692200647,7.5783652166693e-05,0.00396895510651955,12.4630384487465,10.8174820158419
"AL109976.1",84.326168740124,0.922248370375887,0.272188059230355,3.38827637400281,0.000703333555855514,0.0230003280906647,2.59267588167355,1.84688717343643
"RNF24",730.948297492554,-0.581816715993039,0.099285144914957,-5.86005808312408,4.62705300381947e-09,1.0231662761303e-06,42.6199526513704,42.5914797139421
"AL118508.1",53.9319506746453,1.13577689977916,0.351153546089289,3.23441671721112,0.00121891464264414,0.0340294586907324,1.00068191924242,1.46997142375552
"SLC2A10",114.261335976685,-0.75453538312969,0.239685501776412,-3.14802262772468,0.00164378968372127,0.0424854064636754,7.77802764502064,6.67140876935199
"SULF2",496.398309948231,0.907293846836375,0.155627477149612,5.82990782510824,5.54580007011955e-09,1.18859293502824e-06,13.5092059097727,12.7397523392145
"CR381653.2",247.292003710772,1.00475497936242,0.16078957219203,6.24888147698065,4.13402465595784e-10,1.15182194964297e-07,6.18603368258952,6.14372671979872
"HUNK",382.832042071744,0.714467721755139,0.18186815607307,3.92849269043055,8.54799484301228e-05,0.00436198227684997,9.68842039993799,12.8905186390869
"CBR1",3888.9752646012,0.755702151614758,0.14430913402159,5.23668967136687,1.63482227823062e-07,2.3973378061085e-05,113.850311084717,110.737847256249
"AP000688.2",82.8134939363724,0.855237826648462,0.269376515015277,3.17487894815166,0.00149899020699843,0.0399281693569696,2.41073371453856,2.11072819821306
"PLAC4",534.689423613275,0.929607279352073,0.216424463544967,4.29529667822846,1.74459867995277e-05,0.00120316852526842,13.8276047022589,14.0589574630977
"ABCG1",109.663470948107,0.856034444651657,0.244859520106247,3.49602271653646,0.000472248494186815,0.0167828922768279,2.95656021594352,3.01532599744722
"NIPSNAP1",1105.48968505259,-0.578553312144093,0.133078092691553,-4.34747222809286,1.37715501872993e-05,0.000978834008465648,64.9078681254062,63.7741448460088
"LIF",98.6376318887303,0.845228516612438,0.261197166520935,3.23597888855618,0.00121226349632675,0.0339117324645139,2.50170479810605,2.90225127254295
"GAL3ST1",31.2822646080764,1.87318324393776,0.57174276299892,3.27626926856493,0.00105188221406501,0.0306936823567965,0.136456625351239,0.753831499361806
"TIMP3",3617.27773536465,0.641284964360865,0.192323652058325,3.33440509005302,0.000854820669436524,0.0265222867392433,113.850311084717,109.267875832494
"NCF4",410.376936681153,0.648603987148678,0.13119117552121,4.94396048035881,7.65512282935196e-07,9.1148304389489e-05,12.554009532314,12.6266776143103
"TMEM184B",621.955582847366,0.54669436963123,0.141624847722223,3.86015856979766,0.000113313468646495,0.00534508957690979,19.376840799876,21.0695904071625
"APOBEC3C",2890.91422347661,0.846161264167453,0.130807200841865,6.4687666942005,9.88060100442404e-11,3.72017979980085e-08,75.9608547788566,82.3183997303092
"APOBEC3H",164.08041300312,1.119164529252,0.196808827006767,5.68655657509467,1.29626456038784e-08,2.68690089591168e-06,3.59335780091597,4.03299852158566
"FAM83F",109.485971017139,2.30728335037465,0.330766680252949,6.97556159105925,3.04651374690476e-12,1.57188825956038e-09,1.91039275491735,0.565373624521355
"FBLN1",1469.4699025893,-0.710265823263177,0.158804832002391,-4.47257060321996,7.72848706892362e-06,0.000625962519518459,88.8332631036568,92.7589659964703
"PDK3",62.7488881533545,1.50280063771722,0.427535661661688,3.51502990856094,0.000439704464952211,0.0159104490941539,1.22810962816115,1.09305567407462
"DMD",593.767665352502,-0.536353122733392,0.133519098217718,-4.01705171689228,5.89307947646097e-05,0.0032449205607343,35.342265965971,32.4901376224938
"SRPX",141.500326223172,1.01811151196808,0.217205548237138,4.68731816581656,2.76808454383091e-06,0.000275444184143632,2.72913250702479,4.22145639642611
"PINCR",38.9474454594953,1.48029962206536,0.382158033221619,3.87352742420807,0.000107271329283482,0.00513538449569824,0.818739752107436,0.640756774457535
"SLC9A7",403.07307311327,-0.605994453405762,0.171768980248415,-3.52796210660018,0.000418772100938534,0.0154544790119723,26.199672067438,21.4088145818753
"PLP2",803.199239210549,-0.640193288723602,0.106224872960106,-6.02677387022184,1.67264768141246e-09,4.08800962276437e-07,46.5317092447726,49.5644210830388
"XAGE3",520.695564348004,-1.92039068350417,0.594026080656817,-3.23283900494872,0.0012256661527396,0.0341495103476309,46.8955935790426,54.7658584286352
"HEPH",62.7916932213096,1.30388725936974,0.400880663455055,3.25255712792923,0.00114371602608554,0.0327168541260732,0.77325421032369,1.80919559846833
"GCNA",22.6047123090389,1.79933686362141,0.566364101925844,3.17699666610756,0.00148808746605932,0.0397813403167988,0.272913250702479,0.414607324648993
"PRPS1",356.694965341497,-0.596455231160712,0.144065385317251,-4.14017031119056,3.47048062794904e-05,0.00212983549021842,20.9233492205234,20.9188241072901
"TMEM164",45.3741453042816,-1.21096308682858,0.326414261434642,-3.70989637985243,0.000207344093355112,0.00880643464795752,3.45690117556473,3.46762489706431
"SMARCA1",610.802604813809,-0.585906930075324,0.115709547939163,-5.06360054559524,4.11411238711397e-07,5.35642052942847e-05,37.6620285969421,33.7716511714089
"PHF6",786.496005517603,-0.518685474744978,0.131202327591542,-3.95332525166585,7.70725572105599e-05,0.00402134005430828,49.5337550024999,39.651536866431
"MAGEC2",14.9282205781209,6.84290795396609,1.63703032184436,4.18007404179082,2.91414195794177e-05,0.00183696432651976,0,0
"GABRQ",108.54233210059,2.29752023083279,0.3662966690172,6.27229354008923,3.55768040012295e-10,1.01147031947169e-07,1.41005179529614,1.01767252413844
